Bus (ID);Bus (numéro);Etat;Ligne (ID);Ligne (nom court);Code du sens;Destination;Coordonnées;Avance / Retard
1677889376;1677889376;En ligne;0034;34;0;Chantepie;48.132473, -1.633825;52
766364736;766364736;En ligne;0032;32;0;Alma Sud;48.088492, -1.674918;65
584059808;584059808;Hors-service;;;;;48.109997, -1.643078;
-6060928;-6060928;Hors-service;;;;;48.064241, -1.702347;
1313279520;1313279520;En ligne;0010;10;0;Porte de Cleunay;48.118626, -1.68876;88
948669664;948669664;Hors-service;;;;;48.110312, -1.642191;
358548928;358548928;En ligne;0007;C7;1;St-Jacques-Gaîté;48.034565, -1.758569;78
1495584448;1495584448;Hors-service;;;;;48.053999, -1.71971;
1130974592;1130974592;Hors-service;;;;;48.109918, -1.642587;
905463712;905463712;En ligne;0013;13;0;Porte de Ker Lann;48.087647, -1.649119;128
-1887858208;-1887858208;En ligne;0034;34;1;ZA Saint-Sulpice;48.117526, -1.600529;62
-1705553280;-1705553280;Hors-service;;;;;48.109993, -1.64227;
-1748759232;-1748759232;En ligne;0012;12;0;La Poterie;48.099021, -1.675581;-187
-188365856;-188365856;Hors-service;;;;;48.064392, -1.702831;
-370670784;-370670784;Hors-service;;;;;48.110713, -1.642993;
-1384149376;-1384149376;En ligne;0032;32;0;Alma Sud;48.139643, -1.671853;-107
176244000;176244000;En ligne;0047;C7ex;1;St-Jacques-Gaîté;48.04665, -1.742165;14
540853856;540853856;En ligne;0013;13;0;Porte de Ker Lann;48.086249, -1.614569;-22
-1019539520;-1019539520;En ligne;0012;12;1;Villejean-U;48.121265, -1.703292;694
723158784;723158784;Haut-le-pied;0159;159ex;0;Dépôt;48.087357, -1.67467;
1087768640;1087768640;En ligne;0013;13;1;Chantepie;48.082411, -1.711901;-17
-837234592;-837234592;En ligne;0001;C1;1;Cesson Viasilva;48.088262, -1.618391;63
1270073568;1270073568;En ligne;0059;59;0;Bruz;48.047997, -1.713366;107
1816988352;1816988352;En ligne;0002;C2;0;Haut Sancé;48.14297, -1.686572;44
-108014880;-108014880;En ligne;0010;10;1;Beaulieu Chimie;48.105427, -1.693349;53
1452378496;1452378496;En ligne;0010;10;1;Beaulieu Chimie;48.104238, -1.713391;0
1999293280;1999293280;En ligne;0012;12;0;La Poterie;48.124687, -1.70427;426
256594976;256594976;En ligne;0004;C4;1;ZA Saint-Sulpice;48.126862, -1.629805;-29
1634683424;1634683424;En ligne;0011;11;1;La Poterie;48.099578, -1.621049;-23
-1201844448;-1201844448;Haut-le-pied;0010;10;0;Porte de Cleunay;48.117192, -1.634113;
803509760;803509760;En ligne;0053;53;0;La Chapelle-Th;48.109436, -1.67867;0
-2113369088;-2113369088;Hors-service;;;;;48.111276, -1.644025;
-290319808;-290319808;En ligne;0034;34;1;ZA Saint-Sulpice;48.130772, -1.624802;-117
1897339328;1897339328;En ligne;0004;C4;1;ZA Saint-Sulpice;48.113584, -1.641038;-2
-1931064160;-1931064160;En ligne;0034;34;0;Monniais;48.118379, -1.600846;-97
74290048;74290048;En ligne;0012;12;0;La Poterie;48.087434, -1.645159;-177
-2033018112;-2033018112;En ligne;0005;C5;1;Saint-Laurent;48.109856, -1.678303;-21
-1566454304;-1566454304;En ligne;0012;12;1;Villejean-U;48.123724, -1.682063;61
1350424544;1350424544;En ligne;0002;C2;1;Saint-Grégoire;48.10439, -1.67249;-74
-1486103328;-1486103328;En ligne;0053;53;0;La Chapelle-Th;48.123949, -1.817776;112
-654929664;-654929664;En ligne;0012;12;1;Villejean-U;48.123946, -1.703423;-236
1532729472;1532729472;Hors-service;;;;;48.109754, -1.641711;
-939188544;-939188544;En ligne;0034;34;1;ZA Saint-Sulpice;48.085114, -1.609465;0
-472624736;-472624736;Inconnu;0012;12;1;Villejean-U;48.107353, -1.677786;
1715034400;1715034400;En ligne;0012;12;0;La Poterie;48.120227, -1.681363;-27
-756883616;-756883616;En ligne;0032;32;1;Saint-Grégoire;48.112887, -1.656416;2
438899904;438899904;En ligne;0012;12;1;Villejean-U;48.091475, -1.655605;-21
-1850713184;-1850713184;En ligne;0001;C1;0;Chantepie;48.100236, -1.64946;-73
679952832;679952832;Hors-service;;;;;48.110318, -1.64067;
621204832;621204832;En ligne;0010;10;0;Porte de Cleunay;48.105152, -1.69934;647
-1303798400;-1303798400;En ligne;0153;153ex;0;La Chapelle-Th.;48.110101, -1.685755;157
-1062745472;-1062745472;En ligne;0011;11;1;La Poterie;48.106723, -1.739751;-387
985814688;985814688;En ligne;0053;53;1;Rennes;48.115765, -1.708739;59
-333525760;-333525760;Hors-service;;;;;48.110315, -1.640508;
213389024;213389024;En ligne;0050;50;0;Cesson Viasilva;48.149632, -1.57484;156
1168119616;1168119616;Hors-service;;;;;48.110477, -1.642111;
-151220832;-151220832;Hors-service;;;;;48.099275, -1.632433;
395693952;395693952;Hors-service;;;;;48.079278, -1.735151;
2079644256;2079644256;Hors-service;;;;;48.109518, -1.642673;
-1711614208;-1711614208;Hors-service;;;;;48.065034, -1.702108;
-2076224064;-2076224064;Hors-service;;;;;48.114638, -1.580275;
-1668408256;-1668408256;En ligne;0159;159ex;0;Bruz;48.042858, -1.695566;-44
272137024;272137024;En ligne;0014;14;0;Roazhon Park;48.132113, -1.684867;72
-92472832;-92472832;En ligne;0010;10;0;Porte de Cleunay;48.117408, -1.654916;-108
-1121493472;-1121493472;En ligne;0153;153ex;0;L'Hermitage;48.123363, -1.793917;62
1183661664;1183661664;En ligne;0013;13;1;Chantepie;48.054557, -1.740117;0
454441952;454441952;Hors-service;;;;;48.109833, -1.643144;
-880440544;-880440544;Hors-service;;;;;48.110392, -1.64427;
1730576448;1730576448;Hors-service;;;;;48.110312, -1.641948;
636746880;636746880;En ligne;0013;13;0;Porte de Ker Lann;48.06744, -1.72173;-193
-698135616;-698135616;En ligne;0050;50;1;Thorigné;48.158804, -1.579798;158
797448832;797448832;Hors-service;;;;;48.114476, -1.580275;
1001356736;1001356736;En ligne;0014;14;1;Beaulieu Chimie;48.128653, -1.657092;-125
31084096;31084096;En ligne;0064;64;0;Cesson Viasilva;48.135007, -1.592344;1
958150784;958150784;En ligne;0006;C6;0;Aéroport;48.067206, -1.722166;284
615143904;615143904;Hors-service;;;;;48.110879, -1.644031;
1854133376;1854133376;Hors-service;;;;;48.111361, -1.643709;
-2060682016;-2060682016;Hors-service;;;;;48.110873, -1.644192;
979753760;979753760;Hors-service;;;;;48.114638, -1.580275;
-1893919136;-1893919136;Hors-service;;;;;48.114479, -1.580194;
-1921583040;-1921583040;Hors-service;;;;;48.109836, -1.642835;
1322760640;1322760640;Hors-service;;;;;48.110797, -1.644508;
819051808;819051808;En ligne;0014;14;0;Roazhon Park;48.127779, -1.652074;84
-1374668256;-1374668256;En ligne;0001;C1;1;Cesson Viasilva;48.105843, -1.677665;-175
1505065568;1505065568;En ligne;0011;11;1;La Poterie;48.104722, -1.738629;172
1548271520;1548271520;En ligne;0011;11;1;La Poterie;48.102228, -1.655167;169
83771168;83771168;Hors-service;;;;;48.064639, -1.702517;
1869675424;1869675424;En ligne;0002;C2;0;Haut Sancé;48.127099, -1.683116;220
432838976;432838976;Hors-service;;;;;48.110793, -1.643471;
266076096;266076096;En ligne;0059;59;1;Rennes;48.030221, -1.734402;42
2051980352;2051980352;En ligne;;;;;48.10492, -1.70041;312
1687370496;1687370496;Hors-service;;;;;48.110876, -1.644353;
-1053264352;-1053264352;En ligne;0001;C1;1;Cesson Viasilva;48.096995, -1.641343;133
-1739278112;-1739278112;En ligne;0064;64;1;Acigné;48.132778, -1.619861;0
-2103887968;-2103887968;En ligne;0059;59;1;Rennes;48.086599, -1.674899;-140
-870959424;-870959424;Hors-service;;;;;48.110716, -1.641553;
-1192363328;-1192363328;En ligne;0064;64;1;Acigné;48.13706, -1.526944;-241
-1556973184;-1556973184;En ligne;0053;53;1;Rennes;48.122599, -1.868362;0
-506349568;-506349568;En ligne;0003;C3;1;Patton;48.087834, -1.674672;0
-827753472;-827753472;Hors-service;;;;;48.109836, -1.641233;
-1010058400;-1010058400;En ligne;0053;53;1;Rennes;48.122539, -1.778466;220
-324044640;-324044640;En ligne;0005;C5;1;Saint-Laurent;48.12327, -1.651434;188
-645448544;-645448544;En ligne;0064;64;0;Cesson Viasilva;48.140147, -1.532003;-31
-98533760;-98533760;En ligne;0013;13;1;Chantepie;48.093473, -1.669331;37
222870144;222870144;Hors-service;;;;;48.110473, -1.644506;
-463143616;-463143616;Haut-le-pied;0064;64;1;Dépôt;48.137418, -1.539902;
-1235569280;-1235569280;En ligne;0002;C2;0;Haut Sancé;48.093759, -1.648662;-220
1499004640;1499004640;En ligne;0001;C1;1;Cesson Viasilva;48.123131, -1.65884;-75
-280838688;-280838688;En ligne;0164;164ex;1;Acigné;48.128915, -1.605493;102
-688654496;-688654496;En ligne;0003;C3;1;Patton;48.131032, -1.664398;-5
2045919424;2045919424;En ligne;0001;C1;0;Chantepie;48.093844, -1.633693;-68
587480000;587480000;En ligne;0005;C5;1;Saint-Laurent;48.085248, -1.691879;0
-141739712;-141739712;En ligne;0003;C3;0;Henri Fréville;48.085009, -1.676803;104
-1155218304;-1155218304;En ligne;0001;C1;0;Chantepie;48.122027, -1.656427;-188
952089856;952089856;Hors-service;;;;;48.11504, -1.578278;
40565216;40565216;En ligne;0001;C1;0;Chantepie;48.109415, -1.678076;-21
-972913376;-972913376;Hors-service;;;;;48.110638, -1.641237;
1134394784;1134394784;En ligne;0005;C5;0;Lycée Bréquigny;48.093701, -1.6908;98
405175072;405175072;En ligne;0004;C4;0;Grand Quartier;48.13256, -1.636189;0
1032440832;1032440832;Hors-service;;;;;48.110316, -1.64347;
1863614496;1863614496;En ligne;0006;C6;0;Aéroport;48.114176, -1.633565;59
769784928;769784928;En ligne;0004;C4;1;ZA Saint-Sulpice;48.109355, -1.692944;178
1761660544;1761660544;En ligne;0004;C4;1;ZA Saint-Sulpice;48.125527, -1.703119;-72
-1884438016;-1884438016;En ligne;0003;C3;1;Patton;48.107219, -1.677747;-154
1316699712;1316699712;En ligne;0002;C2;0;Haut Sancé;48.087933, -1.640292;132
-892562400;-892562400;Hors-service;;;;;48.110076, -1.64291;
-790608448;-790608448;En ligne;0004;C4;1;ZA Saint-Sulpice;48.109863, -1.674508;81
1681309568;1681309568;En ligne;0003;C3;0;Henri Fréville;48.138633, -1.665945;0
-527952544;-527952544;Inconnu;0003;C3;1;Patton;48.087193, -1.68219;
-243693664;-243693664;En ligne;0002;C2;1;Saint-Grégoire;48.144544, -1.686442;508
-1702133088;-1702133088;Hors-service;;;;;48.110241, -1.641713;
-345647616;-345647616;En ligne;0004;C4;0;Grand Quartier;48.135684, -1.692981;-22
-61388736;-61388736;En ligne;0006;C6;0;Aéroport;48.105643, -1.685198;117
-1519828160;-1519828160;En ligne;0005;C5;1;Saint-Laurent;48.117359, -1.655033;-94
-2640736;-2640736;En ligne;0006;C6;1;Cesson-Sévigné;48.123571, -1.604085;400
120916192;120916192;En ligne;0004;C4;0;Grand Quartier;48.109865, -1.679004;-12
-1337523232;-1337523232;En ligne;0006;C6;1;Cesson-Sévigné;48.082354, -1.711748;275
361969120;361969120;Hors-service;;;;;48.064214, -1.701659;
303221120;303221120;En ligne;0002;C2;0;Haut Sancé;48.110572, -1.686389;-34
-425998592;-425998592;En ligne;0004;C4;0;Grand Quartier;48.121089, -1.704528;100
544274048;544274048;En ligne;0003;C3;0;Henri Fréville;48.117416, -1.677479;-54
667830976;667830976;Hors-service;;;;;48.115834, -1.577553;
485526048;485526048;En ligne;0001;C1;0;Chantepie;48.132639, -1.619956;0
908883904;908883904;En ligne;0011;11;0;ZI Ouest;48.109912, -1.680529;213
850135904;850135904;En ligne;0001;C1;0;Chantepie;48.114292, -1.674645;-268
1943965472;1943965472;Hors-service;;;;;48.110075, -1.643395;
2002713472;2002713472;Hors-service;;;;;48.110954, -1.643956;
1214745760;1214745760;En ligne;0004;C4;0;Grand Quartier;48.11742, -1.634267;125
-1621782112;-1621782112;En ligne;0006;C6;0;Aéroport;48.12354, -1.601874;214
-2109948896;-2109948896;En ligne;0007;C7;1;St-Jacques-Gaîté;48.080224, -1.712473;369
1397050688;1397050688;Hors-service;;;;;48.110155, -1.642513;
-1439477184;-1439477184;Hors-service;;;;;48.110474, -1.642191;
-1927643968;-1927643968;En ligne;0011;11;0;ZI Ouest;48.09717, -1.627526;-7
1579355616;1579355616;En ligne;0004;C4;1;ZA Saint-Sulpice;48.1356, -1.693068;0
-1257172256;-1257172256;En ligne;0001;C1;0;Chantepie;48.102071, -1.66028;-156
-469204544;-469204544;En ligne;0014;14;1;Beaulieu Chimie;48.116268, -1.714424;279
2126270400;2126270400;En ligne;0004;C4;0;Grand Quartier;48.109399, -1.697713;70
179664192;179664192;En ligne;0011;11;0;ZI Ouest;48.099667, -1.620868;524
1171539808;1171539808;En ligne;0014;14;0;Roazhon Park;48.118332, -1.634697;11
-1986391968;-1986391968;Hors-service;;;;;48.110313, -1.641706;
1091188832;1091188832;Hors-service;;;;;48.064398, -1.702913;
1412592736;1412592736;En ligne;0006;C6;1;Cesson-Sévigné;48.098799, -1.695209;134
-1804087040;-1804087040;En ligne;0003;C3;1;Patton;48.112326, -1.67513;-20
1273493760;1273493760;Hors-service;;;;;48.064234, -1.702508;
2141812448;2141812448;Haut-le-pied;0001;C1;1;Cesson Viasilva;48.085035, -1.609876;
-1074867328;-1074867328;Hors-service;;;;;48.110154, -1.642998;
-1745339040;-1745339040;Hors-service;;;;;48.110313, -1.641706;
-1241630208;-1241630208;En ligne;0005;C5;0;Lycée Bréquigny;48.13487, -1.659432;47
-710257472;-710257472;Hors-service;;;;;48.111435, -1.643878;
-1198424256;-1198424256;En ligne;0014;14;0;Roazhon Park;48.113562, -1.714667;444
-694715424;-694715424;En ligne;0001;C1;0;Chantepie;48.090358, -1.62401;-3
1638103616;1638103616;En ligne;0011;11;0;ZI Ouest;48.106809, -1.729543;-53
-833814400;-833814400;Hors-service;;;;;48.11, -1.641867;
-147800640;-147800640;Hors-service;;;;;48.110553, -1.641794;
1820408544;1820408544;En ligne;0011;11;0;ZI Ouest;48.087199, -1.642434;0
77710240;77710240;En ligne;0014;14;0;Roazhon Park;48.109678, -1.608998;0
216809216;216809216;En ligne;0003;C3;0;Henri Fréville;48.101862, -1.676465;0
-1563034112;-1563034112;Hors-service;;;;;48.109994, -1.642028;
442320096;442320096;Hors-service;;;;;48.110079, -1.64147;
399114144;399114144;En ligne;0006;C6;1;Cesson-Sévigné;48.06743, -1.716134;167
-1380729184;-1380729184;Haut-le-pied;0014;14;0;Roazhon Park;48.115198, -1.633467;
624625024;624625024;Hors-service;;;;;48.110559, -1.641633;
946028928;946028928;En ligne;0005;C5;1;Saint-Laurent;48.103867, -1.6843;-142
-1016119328;-1016119328;Hors-service;;;;;48.110879, -1.644273;
806929952;806929952;Hors-service;;;;;48.110315, -1.64211;
1128333856;1128333856;En ligne;0007;C7;0;Bruz;48.053576, -1.736493;204
-104594688;-104594688;En ligne;0014;14;0;Roazhon Park;48.121346, -1.707809;-61
1353844736;1353844736;En ligne;0011;11;0;ZI Ouest;48.181566, -1.627975;810
2039858496;2039858496;En ligne;0037;37;1;Rennes;48.09334, -1.701438;388
260015168;260015168;En ligne;0014;14;1;Monniais;48.136051, -1.686025;-33
865677952;865677952;En ligne;0006;C6;0;Aéroport;48.098532, -1.697823;312
-1525889088;-1525889088;En ligne;0013;13;0;Porte de Ker Lann;48.091511, -1.667435;234
989234880;989234880;En ligne;0002;C2;0;Haut Sancé;48.109841, -1.679594;474
1777202592;1777202592;En ligne;0013;13;0;Porte de Ker Lann;48.093681, -1.607549;0
-1161279232;-1161279232;Hors-service;;;;;48.110479, -1.642986;
1047982880;1047982880;En ligne;0047;C7ex;0;Bruz;48.019581, -1.747425;-34
-1970849920;-1970849920;En ligne;0054;54;1;Rennes;48.107399, -1.677305;305
-796669376;-796669376;Hors-service;;;;;48.06512, -1.702668;
1230287808;1230287808;En ligne;0013;13;0;Porte de Ker Lann;48.091025, -1.696429;139
-1788544992;-1788544992;Haut-le-pied;0004;C4;0;Dépôt;48.109832, -1.677548;
-249754592;-249754592;En ligne;0001;C1;1;Cesson Viasilva;48.129018, -1.632512;-127
1594897664;1594897664;Haut-le-pied;0047;C7ex;0;Dépôt;48.039519, -1.755546;
-1059325280;-1059325280;En ligne;0011;11;0;ZI Ouest;48.088195, -1.640732;18
297160192;297160192;Hors-service;;;;;48.064634, -1.702194;
1959507520;1959507520;En ligne;0005;C5;1;Saint-Laurent;48.137422, -1.658728;169
-877020352;-877020352;Hors-service;;;;;48.110634, -1.64339;
661770048;661770048;En ligne;0001;C1;1;Cesson Viasilva;48.109593, -1.678119;117
-1606240064;-1606240064;En ligne;0002;C2;1;Saint-Grégoire;48.089966, -1.644722;57
-512410496;-512410496;Hors-service;;;;;48.109517, -1.641313;
844074976;844074976;Hors-service;;;;;48.064321, -1.702825;
-1423935136;-1423935136;Hors-service;;;;;48.1108, -1.643068;
-330105568;-330105568;En ligne;0013;13;1;Chantepie;48.083986, -1.643228;86
1026379904;1026379904;Hors-service;;;;;48.064392, -1.702831;
581419072;581419072;En ligne;0003;C3;0;Henri Fréville;48.132692, -1.667548;-6
34504288;34504288;Hors-service;;;;;48.109995, -1.642674;
1573294688;1573294688;En ligne;0002;C2;1;Saint-Grégoire;48.096229, -1.636997;0
763724000;763724000;En ligne;0002;C2;0;Haut Sancé;48.156567, -1.671505;79
1492943712;1492943712;Hors-service;;;;;48.110232, -1.64147;
2120209472;2120209472;En ligne;0006;C6;1;Cesson-Sévigné;48.117946, -1.608225;67
1310638784;1310638784;Hors-service;;;;;48.110554, -1.642669;
1675248640;1675248640;Hors-service;;;;;48.052157, -1.717071;
-1445538112;-1445538112;En ligne;0002;C2;1;Saint-Grégoire;48.120552, -1.687261;-49
1857553568;1857553568;En ligne;0013;13;1;Chantepie;48.090527, -1.694891;240
-2072803872;-2072803872;En ligne;0002;C2;1;Saint-Grégoire;48.137591, -1.686081;59
-1263233184;-1263233184;En ligne;0007;C7;0;Bruz;48.019492, -1.744958;225
-1890498944;-1890498944;En ligne;0004;C4;0;Grand Quartier;48.129138, -1.630152;-21
-614364448;-614364448;En ligne;0047;C7ex;1;St-Jacques-Gaîté;48.05275, -1.738207;161
-716318400;-716318400;En ligne;0006;C6;1;Cesson-Sévigné;48.110089, -1.659238;282
-1708194016;-1708194016;En ligne;0011;11;1;La Poterie;48.108712, -1.705431;221
-67449664;-67449664;Haut-le-pied;0001;C1;1;Cesson Viasilva;48.085198, -1.609392;
-1284836160;-1284836160;En ligne;0062;62;0;Vern-sur-Seiche;48.087594, -1.643626;0
-1343584160;-1343584160;En ligne;0005;C5;0;Lycée Bréquigny;48.102073, -1.684303;-142
114855264;114855264;En ligne;0005;C5;0;Lycée Bréquigny;48.11246, -1.668116;132
-373311520;-373311520;Hors-service;;;;;48.096798, -1.624829;
-978974304;-978974304;Hors-service;;;;;48.064472, -1.702193;
479465120;479465120;En ligne;0006;C6;0;Aéroport;48.074385, -1.71354;-43
-8701664;-8701664;En ligne;0062;62;0;Vern-sur-Seiche;48.043526, -1.601795;-120
-432059520;-432059520;En ligne;0006;C6;0;Aéroport;48.113438, -1.590266;0
1208684832;1208684832;En ligne;0005;C5;0;Lycée Bréquigny;48.11875, -1.651763;39
173603264;173603264;En ligne;0054;54;0;Le Rheu / Cintré;48.105469, -1.871858;-186
-1992452896;-1992452896;En ligne;0006;C6;0;Aéroport;48.109906, -1.675226;-137
1390989760;1390989760;En ligne;0006;C6;1;Cesson-Sévigné;48.109802, -1.67877;103
-1306439136;-1306439136;En ligne;0072;72;1;Rennes;48.013846, -1.707328;217
-1810147968;-1810147968;En ligne;0002;C2;1;Saint-Grégoire;48.109864, -1.679018;174
1755599616;1755599616;En ligne;0005;C5;0;Lycée Bréquigny;48.08551, -1.693221;328
-394914496;-394914496;Hors-service;;;;;48.099512, -1.632831;
-1080928256;-1080928256;Hors-service;;;;;48.110641, -1.641627;
1937904544;1937904544;En ligne;0047;C7ex;0;Bruz;48.089433, -1.706042;237
-212609568;-212609568;Hors-service;;;;;48.099512, -1.632831;
1369386784;1369386784;Hors-service;;;;;48.11072, -1.64259;
-1627843040;-1627843040;En ligne;0004;C4;1;ZA Saint-Sulpice;48.109282, -1.696127;-167
-30304640;-30304640;En ligne;0072;72;0;Pont-Péan;48.034667, -1.701116;-34
-2014055872;-2014055872;En ligne;0154;154ex;0;Le Rheu / Cintré;48.10052, -1.805814;-105
2098606496;2098606496;En ligne;0051;51;0;Rennes;48.177033, -1.65131;0
516610144;516610144;En ligne;0054;54;0;Le Rheu / Cintré;48.109905, -1.679573;-16
-1649446016;-1649446016;En ligne;0075;75;1;Vern Nouvoitou;48.082912, -1.641654;204
-1831750944;-1831750944;En ligne;0055;55;1;Rennes;48.109861, -1.680673;-48
1245829856;1245829856;En ligne;0054;54;1;Rennes;48.107232, -1.717642;-1
-1467141088;-1467141088;En ligne;0155;155ex;0;Mordelles;48.108753, -1.696726;407
-1102531232;-1102531232;Hors-service;;;;;48.096159, -1.625715;
1428134784;1428134784;En ligne;0055;55;0;Mordelles;48.078981, -1.834045;-21
-191006592;-191006592;En ligne;0051;51;0;Rennes;48.155695, -1.650938;-43
-737921376;-737921376;En ligne;0073;73;1;Rennes;48.044544, -1.603429;55
1610439712;1610439712;En ligne;0054;54;0;Le Rheu / Cintré;48.104994, -1.738802;197
-1671048992;-1671048992;Hors-service;;;;;48.099435, -1.63203;
-555616448;-555616448;En ligne;0062;62;1;Rennes;48.052343, -1.613963;50
1975049568;1975049568;En ligne;0067;67;0;Rennes;48.108572, -1.616519;72
-577219424;-577219424;Hors-service;;;;;48.09944, -1.632838;
-1488744064;-1488744064;En ligne;0061;61;1;Rennes;48.047009, -1.661451;46
-280059232;-280059232;En ligne;0083;83;0;Betton;48.153358, -1.590277;0
334305216;334305216;En ligne;0055;55;0;Mordelles Le Verger;48.107915, -1.70283;89
-941829280;-941829280;En ligne;0079;79;0;Pont-Péan | Laillé;48.088634, -1.674514;0
84550624;84550624;En ligne;0050;50;1;Thorigné;48.132239, -1.619814;0
1792744640;1792744640;En ligne;0073;73;0;Corps-Nuds;48.022148, -1.600083;123
152000288;152000288;En ligne;0073;73;1;Rennes | La Poterie;47.9856, -1.576189;0
266855552;266855552;En ligne;0068;68;1;Gévezé;48.222879, -1.792946;-108
-97754304;-97754304;En ligne;0083;83;0;Betton;48.130929, -1.63206;-8
698915072;698915072;Hors-service;;;;;48.146875, -1.705318;
631465408;631465408;En ligne;0071;71;1;Betton | Chevaigné;48.135436, -1.659495;35
449160480;449160480;Hors-service;;;;;48.096714, -1.626275;
881220000;881220000;En ligne;0052;52;1;Montgermont | La Chapelle;48.153898, -1.834913;133
1360685120;1360685120;En ligne;0083;83;0;Betton;48.127674, -1.655188;408
813770336;813770336;En ligne;0152;152ex;0;Saint-Gilles;48.119027, -1.713486;702
1178380192;1178380192;En ligne;0154;154ex;0;Le Rheu / Cintré;48.107702, -1.715584;207
1725294976;1725294976;En ligne;0065;65;1;Rennes;48.193757, -1.83219;0
996075264;996075264;En ligne;0075;75;0;Rennes;48.044735, -1.60432;37
1542990048;1542990048;Haut-le-pied;0155;155ex;0;Dépôt;48.072638, -1.807315;
2089904832;2089904832;En ligne;0065;65;0;Pacé;48.151303, -1.777204;414
1907599904;1907599904;Haut-le-pied;0070;70;0;Dépôt;48.142557, -1.6777;
-1840452608;-1840452608;En ligne;0070;70;0;Cesson Viasilva;48.225217, -1.570408;0
-746623040;-746623040;En ligne;0077;77;0;Pacé;48.121118, -1.702915;0
-2022757536;-2022757536;En ligne;0077;77;1;Rennes;48.135726, -1.766489;233
-1111232896;-1111232896;En ligne;0065;65;0;Pacé / Parthenay;48.118195, -1.714919;518
164901600;164901600;En ligne;0082;82;0;Miniac;48.120579, -1.712345;164
-1658147680;-1658147680;En ligne;0077;77;1;Rennes;48.151511, -1.759346;1
-928927968;-928927968;Hors-service;;;;;48.097197, -1.624756;
347206528;347206528;Hors-service;;;;;48.1472, -1.705306;
-1475842752;-1475842752;Hors-service;;;;;48.096716, -1.625306;
-17403328;-17403328;En ligne;0065;65;1;Rennes;48.120868, -1.708493;363
1441036096;1441036096;Hors-service;;;;;48.096713, -1.625144;
-1293537824;-1293537824;En ligne;0065;65;1;Rennes;48.150896, -1.779673;132
711816384;711816384;Hors-service;;;;;48.097118, -1.624265;
-2124711488;-2124711488;En ligne;0075;75;1;Vern Nouvoitou;48.042652, -1.551769;355
-382013184;-382013184;Hors-service;;;;;48.147512, -1.705388;
1076426240;1076426240;Haut-le-pied;0154;154ex;0;Dépôt;48.122957, -1.804988;
-1395491776;-1395491776;En ligne;0076;76;0;Mordelles;48.078905, -1.834361;123
-199708256;-199708256;En ligne;0081;81;1;Rennes;48.218676, -1.893384;0
1258731168;1258731168;Hors-service;;;;;48.147357, -1.706115;
-1030881920;-1030881920;En ligne;0076;76;0;Mordelles;48.125514, -1.692589;0
529511456;529511456;Hors-service;;;;;48.097357, -1.624353;
1623341024;1623341024;En ligne;0052;52;0;Saint-Gilles;48.122466, -1.700289;106
-119357280;-119357280;En ligne;0071;71;1;Betton | Chevaigné;48.129679, -1.656671;0
894121312;894121312;En ligne;0173;173ex;0;Corps-Nuds;47.978157, -1.583736;199
-1942406560;-1942406560;Haut-le-pied;0055;55;1;Rennes;48.071519, -1.932587;
427557504;427557504;En ligne;0083;83;1;Thorigné;48.17928, -1.63799;-716
1805645952;1805645952;En ligne;0055;55;1;Rennes;48.06565, -1.857172;-192
-1760101632;-1760101632;En ligne;0155;155ex;0;Mordelles;48.109915, -1.679547;0
974472288;974472288;Inconnu;0208;208;0;Anatole France;48.176235, -1.688988;
1987950880;1987950880;En ligne;0083;83;1;Thorigné;48.155029, -1.580925;272
-1213186848;-1213186848;En ligne;0054;54;1;Rennes;48.102652, -1.803276;-68
1703692000;1703692000;En ligne;0071;71;0;Rennes;48.209992, -1.625953;0
-1577796704;-1577796704;Hors-service;;;;;48.096717, -1.624835;
-483967136;-483967136;En ligne;0077;77;0;Pacé;48.148249, -1.763794;110
-1497445728;-1497445728;En ligne;0081;81;0;Clayes-Romillé;48.118556, -1.71378;288
-848576992;-848576992;Haut-le-pied;0205;205;0;Dépôt;48.146844, -1.705854;
62947648;62947648;Hors-service;;;;;48.147119, -1.706188;
-403616160;-403616160;En ligne;0004;C4;0;Grand Quartier;48.110093, -1.663465;0
-666272064;-666272064;En ligne;0175;175ex;1;Nouvoitou;48.087597, -1.643545;0
609862432;609862432;En ligne;0053;53;0;La Chapelle-Th;48.11834, -1.7414;-213
-39006304;-39006304;En ligne;0178;178ex;1;Betton;48.13042, -1.692083;206
-301662208;-301662208;En ligne;0078;78;0;Rennes;48.128006, -1.693605;63
792167360;792167360;Hors-service;;;;;48.146636, -1.704987;
325603552;325603552;En ligne;0076;76;1;Rennes;48.10569, -1.793565;-15
245252576;245252576;En ligne;0083;83;0;Betton;48.179164, -1.651228;-73
1339082144;1339082144;En ligne;0078;78;0;Rennes;48.180074, -1.627871;0
507908480;507908480;Hors-service;;;;;48.096801, -1.624991;
1156777216;1156777216;En ligne;0083;83;1;Thorigné;48.126792, -1.6162;113
1521387072;1521387072;En ligne;0168;168ex;1;Gévezé;48.124795, -1.701789;0
690213408;690213408;En ligne;0052;52;1;Montgermont | La Chapelle;48.15566, -1.716677;-18
2068301856;2068301856;En ligne;0082;82;1;Rennes;48.297981, -1.932617;61
-950530944;-950530944;En ligne;0076;76;0;Mordelles;48.116289, -1.71456;132
1054823264;1054823264;Hors-service;;;;;48.147432, -1.70491;
-1862055584;-1862055584;En ligne;0081;81;0;Clayes-Romillé;48.120958, -1.703076;0
-585921088;-585921088;Hors-service;;;;;48.147356, -1.706358;
1419433120;1419433120;En ligne;0055;55;1;Rennes;48.093164, -1.777236;75
-1679750656;-1679750656;En ligne;0081;81;1;Rennes;48.215341, -1.892292;583
143298624;143298624;En ligne;0078;78;0;Rennes;48.151977, -1.686307;5
1784042976;1784042976;En ligne;0083;83;0;Betton;48.154108, -1.573302;159
-1132835872;-1132835872;En ligne;0068;68;0;Rennes;48.205882, -1.747816;41
1601738048;1601738048;Hors-service;;;;;48.146798, -1.706348;
1636242336;1636242336;En ligne;0056;56;0;Chavagne;48.106931, -1.677748;-34
-768226016;-768226016;En ligne;0052;52;0;Saint-Gilles;48.176692, -1.73283;44
1966347904;1966347904;Hors-service;;;;;48.096948, -1.626066;
1818547264;1818547264;Hors-service;;;;;48.080241, -1.734753;
-221311232;-221311232;En ligne;0077;77;0;Pacé;48.12057, -1.712775;273
-2146314464;-2146314464;En ligne;0078;78;0;Rennes;48.182089, -1.642415;86
-1929505248;-1929505248;En ligne;0091;91;0;Bruz | Cicé Blossac;48.040587, -1.690135;84
-1781704608;-1781704608;En ligne;0051;51;1;Betton;48.172056, -1.637854;96
-1964009536;-1964009536;En ligne;0052;52;0;Saint-Gilles;48.124249, -1.735898;639
-471065824;-471065824;En ligne;0156;156ex;0;Chavagne;48.096349, -1.692677;34
2000852192;2000852192;Hors-service;;;;;48.079279, -1.734667;
-1747200320;-1747200320;Hors-service;;;;;48.079916, -1.734751;
805068672;805068672;Hors-service;;;;;48.079357, -1.734754;
-2111810176;-2111810176;Hors-service;;;;;48.079519, -1.734997;
-1382590464;-1382590464;Hors-service;;;;;48.079994, -1.734825;
2081203168;2081203168;En ligne;0056;56;0;Chavagne;48.074807, -1.765514;-153
-1200285536;-1200285536;Haut-le-pied;0156;156ex;0;Dépôt;48.085868, -1.728637;
-835675680;-835675680;En ligne;0056;56;1;Rennes;48.108162, -1.695274;-119
-742423392;-742423392;Hors-service;;;;;48.099273, -1.63203;
-1017980608;-1017980608;Haut-le-pied;0090;90;0;Dépôt;48.029811, -1.733626;
-288760896;-288760896;Hors-service;;;;;48.079357, -1.734754;
898320960;898320960;Hors-service;;;;;48.09904, -1.633153;
-653370752;-653370752;Hors-service;;;;;48.079516, -1.734836;
258153888;258153888;En ligne;0091;91;1;Noyal-Châtillon;48.032669, -1.711624;2
1627540672;1627540672;En ligne;0072;72;0;Pont-Péan;48.003643, -1.697152;34
-106455968;-106455968;Hors-service;;;;;48.052958, -1.720034;
440458816;440458816;En ligne;0056;56;1;Rennes;48.052057, -1.788286;107
1809845600;1809845600;Hors-service;;;;;48.099036, -1.633476;
622763744;622763744;En ligne;0037;37;0;Saint-Jacques;48.088442, -1.706694;402
1169678528;1169678528;En ligne;0091;91;0;Bruz Pont-Réan;48.015435, -1.76878;-22
-1391292128;-1391292128;En ligne;0067;67;1;Brécé;48.107827, -1.613897;-245
987373600;987373600;Hors-service;;;;;48.079757, -1.735557;
-377813536;-377813536;Hors-service;;;;;48.099196, -1.633072;
1173878176;1173878176;En ligne;0061;61;0;Saint-Erblon;48.068605, -1.666072;-5
1716593312;1716593312;Hors-service;;;;;47.95296, -1.508356;
351406176;351406176;En ligne;0072;72;0;Pont-Péan;48.088549, -1.674385;0
-1662649696;-1662649696;En ligne;0074;74;1;Rennes;47.990153, -1.613955;0
-560118464;-560118464;Hors-service;;;;;48.09928, -1.633228;
-2120511840;-2120511840;En ligne;0067;67;1;Brécé;48.108345, -1.52552;43
-1115734912;-1115734912;En ligne;0061;61;0;Saint-Erblon;48.017273, -1.64909;284
-195508608;-195508608;Hors-service;;;;;48.099514, -1.633706;
-1755901984;-1755901984;En ligne;0067;67;1;Cesson-Sévigné;48.109436, -1.678912;0
-933429984;-933429984;Hors-service;;;;;48.051999, -1.716748;
-13203680;-13203680;Hors-service;;;;;48.099273, -1.633631;
-1573597056;-1573597056;En ligne;0072;72;1;Rennes;48.070327, -1.702983;-19
-568820128;-568820128;Hors-service;;;;;48.051914, -1.716834;
716016032;716016032;Hors-service;;;;;48.098953, -1.632836;
-1208987200;-1208987200;En ligne;0172;172ex;0;Chartres- | de-Bretagne;48.034616, -1.699458;0
-386515200;-386515200;Hors-service;;;;;48.052637, -1.717706;
1080625888;1080625888;Hors-service;;;;;48.098956, -1.632998;
-1026682272;-1026682272;Hors-service;;;;;48.09936, -1.632347;
-204210272;-204210272;Hors-service;;;;;48.052554, -1.717066;
1262930816;1262930816;Hors-service;;;;;48.099041, -1.632669;
-297462560;-297462560;En ligne;0080;80;1;Rennes;48.045719, -1.684178;-97
-1204787552;-1204787552;En ligne;0083;83;1;Thorigné;48.127875, -1.650103;41
-1938206912;-1938206912;En ligne;0172;172ex;0;Chartres- | de-Bretagne;48.0884, -1.674507;0
-115157632;-115157632;En ligne;0079;79;1;Rennes;47.981087, -1.707974;171
-840177696;-840177696;En ligne;0168;168ex;1;Gévezé;48.184537, -1.724894;230
-844377344;-844377344;Hors-service;;;;;48.099118, -1.632756;
67147296;67147296;Hors-service;;;;;48.09936, -1.631876;
-657872768;-657872768;En ligne;0039;39;0;P.E. Victor;48.147273, -1.657388;0
-662072416;-662072416;En ligne;0080;80;0;Laillé;47.978216, -1.716822;48
431757152;431757152;En ligne;0067;67;0;Rennes;48.109376, -1.501908;102
-293262912;-293262912;En ligne;0052;52;1;Montgermont | La Chapelle;48.121362, -1.701981;-86
-479767488;-479767488;Hors-service;;;;;48.099041, -1.632669;
614062080;614062080;En ligne;0072;72;0;Pont-Péan;48.084485, -1.696318;148
800566656;800566656;Hors-service;;;;;48.147195, -1.705872;
1356183104;1356183104;Hors-service;;;;;48.104555, -1.481312;
796367008;796367008;Hors-service;;;;;48.099198, -1.632117;
-2035961216;-2035961216;En ligne;0051;51;1;Betton;48.12952, -1.656832;0
1538488032;1538488032;Haut-le-pied;0161;161ex;0;Dépôt;48.070073, -1.69715;
-2027259552;-2027259552;Hors-service;;;;;48.104552, -1.481393;
893818944;893818944;En ligne;0100;La Navette;0;République;48.109988, -1.6802;701
1720792960;1720792960;Hors-service;;;;;48.052474, -1.716589;
-1844954624;-1844954624;Haut-le-pied;0074;74;0;Dépôt;48.019443, -1.675966;
1903097888;1903097888;En ligne;0059;59;0;Bruz;48.088241, -1.674425;0
-751125056;-751125056;En ligne;0074;74;1;Rennes;48.047277, -1.68355;51
2085402816;2085402816;En ligne;0161;161ex;0;Bourgbarré;48.047176, -1.664759;50
-21905344;-21905344;En ligne;0074;74;0;Orgères | Bourgbarré;47.994449, -1.645635;-84
-1480344768;-1480344768;Hors-service;;;;;48.05208, -1.716755;
160399584;160399584;En ligne;0059;59;1;Rennes;48.029041, -1.752709;0
-1298039840;-1298039840;En ligne;0074;74;0;Orgères | Moc Souris;48.087986, -1.674928;260
253651872;253651872;Hors-service;;;;;48.096713, -1.625387;
342704512;342704512;Hors-service;;;;;48.052232, -1.717226;
435956800;435956800;Hors-service;;;;;48.097195, -1.624352;
-475567840;-475567840;Hors-service;;;;;48.14696, -1.706107;
618261728;618261728;Hors-service;;;;;48.096159, -1.626186;
-110957984;-110957984;En ligne;0078;78;1;Betton;48.153376, -1.678322;-107
-1671351360;-1671351360;En ligne;0083;83;1;Thorigné;48.18025, -1.637159;216
71346944;71346944;Hors-service;;;;;48.110239, -1.642669;
-1124436576;-1124436576;Hors-service;;;;;48.147353, -1.705307;
982871584;982871584;En ligne;0068;68;0;Rennes;48.121353, -1.703798;0
1165176512;1165176512;Hors-service;;;;;48.147198, -1.705791;
1347481440;1347481440;Hors-service;;;;;48.147437, -1.705233;
